{
    "eval_loss": 0.6173731684684753,
    "eval_runtime": 0.1725,
    "eval_samples": 1,
    "eval_samples_per_second": 5.796,
    "eval_steps_per_second": 5.796,
    "perplexity": 1.8540513589675538
}