{
    "eval_loss": 1.0891855955123901,
    "eval_runtime": 201.0393,
    "eval_samples": 54,
    "eval_samples_per_second": 0.269,
    "eval_steps_per_second": 0.035,
    "perplexity": 2.9718527964938635
}