{
    "eval_loss": 1.3132150173187256,
    "eval_runtime": 128.1916,
    "eval_samples": 33,
    "eval_samples_per_second": 0.257,
    "eval_steps_per_second": 0.039,
    "perplexity": 3.71810829955367
}