,abstractive_answer,extractive_answer,abstractive_ocr_text,abstractive_ocr_title_text,abstractive_ocr_title_bboxes_text,extractive_ocr_text,extractive_ocr_title_text,extractive_ocr_title_bboxes_text
count,7724.0,7724.0,7724.0,7724.0,7724.0,7724.0,7724.0,7724.0
mean,56.77485758674262,56.54621957534956,135.73537027446918,157.75181253236664,424.07742102537543,262.9382444329363,284.95468669083374,551.2819782496116
std,35.5802632238945,35.33108328398506,56.4205448735905,62.43560476426489,199.61819690946345,89.47063124319408,93.86714030229426,213.9887515487176
min,1.0,1.0,33.0,41.0,78.0,79.0,87.0,163.0
25%,33.0,32.0,94.0,111.0,291.75,198.0,217.0,406.0
50%,48.0,48.0,128.0,149.0,380.0,250.0,272.0,511.0
75%,71.0,70.0,166.0,193.0,508.0,312.0,338.0,646.0
max,391.0,391.0,568.0,581.0,2452.0,927.0,935.0,2514.0
